name,WEIGHT,HEIGHT,DEPTH,WIDTH,VOLUME,RANK,id
Large Box,10,55,55,55,166375,10,845
Two Seater Sofa,42,89,151,83,1115437,20,1112
Medium Box,8,50,50,50,125000,30,884
Double Bed & Mattress,44,180,56,141,1421280,40,693
Three Seater Sofa,48,89,196,84,1465296,50,1083
Armchair,41,108,100,108,1166400,60,518
Dining Chair,9,52,47,92,224848,70,26170
Suitcase,10,82,55,35,157850,80,28424
Chest Of Drawers,35,96,50,108,518400,90,627
Double Wardrobe,90,180,60,115,1242000,100,26183
Shopping Bags (1-10 bags),5,50,30,30,45000,105,1946407
Coffee Table,22,68,92,43,269008,110,645
Round Coffee Table,22,68,92,43,269008,111,3146007
Glass Coffee Table,22,68,92,43,269008,112,3146017
Washing Machine,70,89,67,68,405484,120,1130
Fridge Freezer,50,178,54,58,557496,130,26236
Large Bag,5,50,50,50,125000,140,26688
Water Cooler,15,100,30,35,105000,150,8167276
4 Seater Dining Table,30,73,80,80,467200,150,502
Small Box,6,45,45,45,91125,160,1020
6 Seater Dining Table,47,76,90,140,957600,170,504
Single Wardrobe,65,57,60,170,581400,180,27976
Bedside Table,17,37,43,55,87505,190,550
"Small Television/TV (Less than 30"")",25,55,22,55,66550,200,28382
"Medium Television/TV (30"" to 40"")",25,61,24,60,87840,201,27748
"Large Television/TV (Greater than 40"")",25,70,20,103,144200,202,856
Single Bed & Mattress,22,50,90,180,810000,210,1011
Kingsize Bed & Mattress,55,50,190,210,1995000,220,825
Box Of Clothes,3,50,50,30,75000,240,576
Office Chair,14,57,60,100,342000,250,903
Double Mattress,35,30,134,161,647220,260,697
Tumble Dryer,70,85,60,60,306000,270,1107
TV Stand,20,51,39,51,101439,280,1110
Four Seater Sofa,60,90,214,91,1752660,290,755
Corner desk with pedestal,40,75,80,160,960000,300,8167275
Bookcase,43,140,30,90,378000,300,570
Large Suitcase,16,94,63,40,236880,310,27063
Fridge,30,130,54,58,407160,320,759
Sideboard,46,48,119,83,474096,340,1009
Garden Table,40,100,100,120,1200000,350,26245
Triple Wardrobe,110,60,171,190,1949400,360,1104
Bicycle,20,95,30,140,399000,370,26102
Small Bag,5,41,41,23,38663,380,28001
Dressing Table,30,100,50,140,700000,390,26187
Office Desk,41,63,115,83,601335,400,904
Desk,41,63,115,83,601335,410,675
Microwave Oven,13,49,41,45,90405,420,885
Book Shelf,43,140,30,90,378000,430,26106
Kingsize Mattress,40,30,149,191,853770,440,828
Chair,10,90,50,60,270000,450,623
Cooker,80,148,60,100,888000,460,656
Single Mattress,22,57,89,155,786315,470,1013
American Fridge Freezer,120,200,85,110,1870000,480,512
Rug,5,10,10,244,24400,490,985
Side Table,23,45,58,110,287100,500,1007
Small Table,28,60,30,30,54000,510,1036
Lamp,5,12,18,34,7344,520,840
L Shaped Sofa,60,90,220,85,1683000,530,26662
Large Mirror,9,120,4,86,41280,540,852
Small Suitcase,10,60,50,32,96000,550,28361
Cardboard Box,7,46,41,46,86756,560,26125
Footstool,37,54,54,43,125388,570,753
Mirror,15,120,5,58,34800,580,887
Display Cabinet,66,42,98,128,526848,590,681
Suitcase Of Clothes,10,60,55,35,115500,600,435531
Large Filing cabinet,60,90,50,50,225000,600,8167277
Double Bed Frame,30,203,18,150,548100,610,695
Full Length Mirror,15,120,5,58,34800,630,26240
Cabinet,66,42,98,128,526848,640,584
Guitar,3,52,14,104,75712,660,789
Cot,23,98,30,146,429240,670,26160
Corner Sofa (Five Seater),90,160,245,90,3528000,680,435501
Cupboard,41,140,68,100,952000,690,668
Bag,5,45,45,25,50625,700,525
40 Inch Tv,21,66,27,102,181764,710,26026
Dishwasher,70,89,67,68,405484,720,679
Garden Chair,10,90,50,60,270000,730,435511
42 Inch Tv,22,69,29,107,214107,740,26028
Small Desk,23,76,61,92,426512,750,1023
Storage Box,20,56,56,51,159936,760,1057
32 Inch Tv,17,52,19,81,80028,770,26016
Ironing Board,10,7,49,161,55223,790,524746
Printer,20,17,21,45,16065,800,958
Vacuum Cleaner,7,37,34,40,50320,810,1118
Filing Cabinet,21,47,46,72,155664,820,26217
Small Filing Cabinet,21,47,46,72,155664,820,8167272
Box Of Books,10,41,41,41,68921,830,575
Kitchen Table,40,76,90,140,957600,840,834
50 Inch Tv,26,82,37,127,385318,850,26036
Freezer,70,95,62,130,765700,860,758
Two Seater Sofa Bed,45,85,147,83,1037085,870,455675
Lawn Mower,30,71,25,46,81650,880,858
Bunk Bed,30,50,107,157,839950,890,580
Mattress,20,191,18,132,453816,900,882
Pc,10,50,50,50,125000,910,926
Artwork,10,100,10,100,100000,920,520
Three Piece Suite,100,100,200,100,2000000,930,26012
Dresser,30,100,50,140,700000,940,703
Welsh Dresser,40,192,48,136,1253376,941,1138
Plastic Box,20,46,41,46,86756,960,27938
Corner Couch,60,90,220,85,1683000,970,26155
Storage Unit,47,120,50,91,546000,990,1060
Broom,2,85,5,25,10625,1000,7767238
Kallax - 4x2,13,75,40,80,240000,1000,7767228
Rattan Stool,10,30,65,65,126750,1000,7767237
Kallax - 2x2,13,75,40,80,240000,1000,7767223
Step Ladder,15,160,40,40,256000,1000,7767230
Kallax - 4x4,13,75,40,150,450000,1000,7767227
Kallax - 1x4,15,150,40,40,240000,1000,7767224
Folding Table,12,80,30,30,72000,1000,7767231
Kallax - 3x4,29,150,40,110,660000,1000,7767226
Kallax - 5x5,57,180,40,180,1296000,1000,7767229
Kallax - 2x4,22,150,40,80,480000,1000,7767222
Standing desk,50,150,80,160,1920000,1000,8167274
Rattan Armchair,25,90,80,100,720000,1000,7767233
Egg Chair,32,200,95,95,1805000,1000,7767240
Ladies Bike,20,95,30,140,399000,1000,26664
Standing desk - electric,50,150,80,160,1920000,1000,8167273
Mop,2,85,5,25,10625,1000,7767239
Rattan Outdoor Chair,15,75,80,60,360000,1000,7767232
Air Fryer,7,25,35,40,35000,1000,7696338
Kallax - 2x1,8,40,40,80,128000,1000,7767225
Toaster,2,20,15,30,9000,1000,7696337
Cat Tree,15,150,50,50,375000,1000,7696335
Bucket,2,25,40,40,40000,1000,7696334
Blender,2,40,15,15,9000,1000,7696336
Racing Bike,20,95,30,140,399000,1010,27954
Bedside Chest,17,41,45,59,108855,1020,455655
Clothes Horse,10,60,10,141,84600,1030,524748
Clothes Rail With Clothes,20,188,15,131,369420,1031,1536354
Clothes Rail Without Clothes,2,188,5,131,123140,1032,1536360
Bbq,40,100,57,70,399000,1040,540
Plant,4,60,30,30,54000,1050,941
Shelf,7,24,62,76,113088,1050,455656
Bureau Desk,20,100,41,76,311600,1060,581
Duvet,6,20,20,20,8000,1070,435508
Computer Table,59,74,49,110,398860,1080,652
Low Bookcase,18,32,69,88,194304,1090,455659
Stool,4,37,44,47,76516,1100,1055
Alloy Wheel,11,70,20,70,98000,1110,26083
Bench,17,53,126,57,380646,1130,551
Large Potted Plant,20,23,36,50,41400,1140,435513
Exercise Bike,80,140,60,127,1066800,1150,723
Piano Keyboard,37,80,45,120,432000,1160,715
Chest Freezer,91,95,62,130,765700,1170,26134
One Seater Sofa,30,87,101,84,738108,1180,455670
Shoe Cabinet,20,80,80,80,512000,1190,27970
Ottoman,10,45,98,43,189630,1200,455658
Kitchen Dresser,40,192,48,136,1253376,1210,26659
Corner Dresser,40,192,48,136,1253376,1211,768812
8 Seater Dining Table,62,97,176,75,1280400,1220,506
Console Table,20,73,35,53,135415,1230,655
Bin,5,75,50,50,187500,1240,557
Recycle Bin,5,75,50,50,187500,1241,3088369
Treadmill,75,84,148,140,1740480,1250,1100
Two Seater Sofabed,100,86,58,150,748200,1260,1113
Corner Sofa Bed,91,88,95,213,1780680,1270,26157
Pram,10,84,32,63,169344,1280,956
Corner Sofa (Three Seater),65,146,236,80,2756480,1290,435503
Plant Pot,10,13,26,36,12168,1300,435517
Folding Chair,5,75,53,45,178875,1310,751
Display Unit,40,100,60,130,780000,1320,682
Garden Set,72,69,150,242,2504700,1330,770
Monitor,19,32,9,51,14688,1340,891
Three Seater Sofa Bed,75,104,177,85,1564680,1350,455681
Bathroom Cabinet,20,70,40,30,84000,1360,536
Tent,5,30,30,40,36000,1370,1080
Folding Treadmill,120,148,120,140,2486400,1380,26229
Rocking Chair,10,95,95,55,496375,1390,974
Chest,15,50,50,90,225000,1400,435495
Corner Settee,80,89,53,266,1254722,1410,660
Fan,2,99,51,60,302940,1420,729
Corner Unit,22,69,92,196,1244208,1430,663
Laptop,3,2,27,43,2322,1440,841
Large Desk,23,115,107,161,1981105,1450,26804
Ladder,20,200,50,10,100000,1460,839
Wall Unit,40,165,46,43,326370,1480,1127
Kids Bike,7,40,20,100,80000,1490,26655
Superking Bed & Mattress,35,50,210,190,1995000,1500,1067
55 Inch Tv,29,90,42,140,529200,1510,26041
Car Engine,100,71,84,76,453264,1520,600
Recliner,60,108,100,108,1166400,1530,970
Trunk,25,65,64,137,569920,1540,1106
Tallboy,31,48,47,102,230112,1550,1074
Wardrobe Box,12,122,46,51,286212,1560,564012
Speaker,16,32,32,53,54272,1570,1047
Mobility Scooter,250,100,128,129,1651200,1580,889
Under Counter Fridge,40,82,60,60,295200,1590,28621
Small Mirror,14,108,5,52,28080,1600,28251
Door,40,250,20,100,500000,1610,691
Writing Bureau,20,100,41,76,311600,1620,28932
Double Headboard,15,10,50,90,45000,1630,435507
Electronic Piano,220,80,60,100,480000,1640,718
Sofa Bed,65,86,137,77,907214,1650,455672
Chaise Lounge,60,109,203,84,1858668,1660,625
Kingsize Bed Frame,55,50,190,210,1995000,1670,827
Under Counter Freezer,50,84,59,120,594720,1680,28620
Corner Sofa (Six Seater),80,170,255,95,4118250,1690,435502
Lamp Table,5,45,50,50,112500,1700,26665
Superking Mattress,40,50,180,191,1719000,1710,1068
Sofa Chair,35,89,96,96,820224,1720,28414
Pool Table,285,84,120,180,1814400,1730,949
Bath Tub,28,170,70,55,654500,1740,26096
Golf Clubs,10,54,12,18,11664,1750,783
Car Bumper,4,60,60,87,313200,1760,598
Tools,10,13,26,36,12168,1770,1090
Crosstrainer,120,173,63,144,1569456,1780,667
Blanket Box,12,47,40,41,77080,1800,560
Sewing Machine,17,74,49,50,181300,1810,996
Box Of Toys,12,100,50,100,500000,1820,26107
Single Bed Frame,26,203,18,100,365400,1830,435526
Single Oven,80,109,80,101,880720,1840,27975
Stereo,5,11,13,28,4004,1850,1054
Small Potted Plant,10,13,26,36,12168,1860,435529
Fireplace,60,100,60,100,600000,1870,737
Parcel,5,30,30,30,27000,1880,920
Mini Fridge,25,44,47,46,95128,1890,27914
Table Tennis Table,88,79,40,153,483480,1900,28427
Wing Back Armchair,40,108,100,108,1166400,1910,28792
Double Divan,68,180,135,68,1652400,1920,455682
Corner Cabinet,20,88,91,91,728728,1930,658
Shower Screen,41,10,5,90,4500,1940,1003
Wicker Chair,35,86,40,45,154800,1950,1145
Toy Box,2,30,30,30,27000,1960,1094
Fire Surround,60,100,60,100,600000,1980,26219
Piano Stool,8,91,50,40,182000,1990,27934
Guitar Amp,29,66,48,74,234432,2000,26250
Cd Cabinet,16,22,47,93,96162,2010,26132
Kingsize Headboard,30,10,50,100,50000,2020,435512
Coffee Machine,6,37,51,31,58497,2030,644
Car Seat,20,84,54,36,163296,2040,607
Side Unit,13,64,70,24,107520,2050,1008
Range Oven,80,109,80,101,880720,2060,27956
Fish Tank,20,44,36,30,47520,2070,738
Guitar Amplifier,29,66,48,74,234432,2080,26251
Coat Stand,5,130,28,28,101920,2090,643
Three Seater Sofabed,49,86,80,180,1238400,2100,1084
Flat Packed Bed,60,38,20,200,152000,2110,745
Double Bed Base,47,203,145,50,1471750,2120,435506
Radiator,40,76,14,140,148960,2130,966
Grandfather Clock,80,234,30,51,358020,2140,786
Petrol Lawnmower,500,110,76,186,1554960,2150,27933
Bar Stool,11,73,33,33,79497,2160,531
Car Bonnet,8,40,1,31,1240,2170,595
Weights,40,60,60,50,180000,2180,1136
Drawer,22,90,38,82,280440,2190,26184
Kayak,10,47,26,172,210184,2200,820
Parasol,10,212,20,20,84800,2210,919
Rucksack,5,74,31,20,45880,2220,984
Weight Bench,20,102,50,127,647700,2230,1135
Cushion,1,45,10,45,20250,2240,671
Car Door,9,115,10,91,104650,2250,599
Scooter,106,114,25,74,210900,2260,990
Nest Of Tables,11,54,45,54,131220,2270,674990
48 Inch Tv,10,79,35,122,337330,2280,26034
Cuddle Chair,10,90,50,60,270000,2290,26164
Pouf,5,80,80,80,512000,2300,27945
Caravan Awning,18,40,240,40,384000,2310,611
Wheelchair,10,50,50,50,125000,2320,1142
Toilet,37,42,77,36,116424,2330,1087
Headboard,10,129,11,163,231297,2340,799
Trampoline (8Ft-12Ft),70,20,200,300,1200000,2350,435535
Draw Unit,40,81,48,91,353808,2360,700
Car Gearbox,5,45,20,46,41400,2370,26118
Cast Iron Fireplace,60,100,60,100,600000,2380,26129
Drop Leaf Table,40,100,100,140,1400000,2390,26191
Tub Chair,16,71,77,75,410025,2400,28617
Drum Kit,25,90,61,62,340380,2410,709
Crockery,5,14,29,39,15834,2420,666
Large Speaker,30,100,40,20,80000,2430,435514
Rabbit Hutch,25,146,86,53,665468,2440,965
Ride On Lawn Mower,500,110,76,186,1554960,2450,973
Round Table,40,100,100,140,1400000,2460,27965
60 Inch Tv,31,98,20,152,297920,2470,26046
Cot Bed Mattress,3,38,10,36,13680,2480,455662
Amplifier,29,66,48,74,234432,2500,513
Fence Panel,25,80,4,180,57600,2510,730
Basket,1,50,45,42,94500,2520,533
Wall Cabinet,40,100,68,56,380800,2530,1125
Toddler Bed,40,98,90,158,1393560,2540,28610
Futon Sofabed,59,100,100,196,1960000,2550,763
Dvd Player,1,4,21,27,2268,2560,713
Surfboard,5,62,152,15,141360,2580,1069
Office Table,60,280,75,80,1680000,2590,905
Divan Bed & Mattress,25,190,50,120,1140000,2600,26174
Box Of Tiles,20,56,56,51,159936,2610,435492
Children Bicycle,7,40,20,100,80000,2620,26138
Double Oven,80,109,80,101,880720,2630,26180
Linen Basket,10,13,26,36,12168,2640,435515
Rowing Machine,60,250,59,96,1416000,2650,983
Electric Fire,40,100,60,60,360000,2660,26203
Outdoor Table Tennis Table,88,79,40,153,483480,2670,27928
24 Inch Tv,13,39,11,61,26169,2680,26006
Playstation,10,13,26,36,12168,2690,27941
Futon,59,100,100,196,1960000,2700,761
Motorbike Frame,8,51,45,30,68850,2720,896
Changing Table,40,100,100,140,1400000,2730,26133
Kitchen Trolley,55,71,40,78,221520,2740,26660
French Dresser,40,192,48,136,1253376,2750,26235
Wood Burning Stove,100,100,100,100,1000000,2760,28794
Exhaust,35,57,30,47,80370,2780,726
Kitchen Sink,49,44,23,56,56672,2790,833
Pedestal,20,120,50,50,300000,2800,928
Vanity Unit,45,79,31,69,168981,2810,1120
Xbox,10,13,26,36,12168,2820,1161
Shower Tray,26,4,76,76,23104,2830,1004
Gazebo,15,150,50,100,750000,2840,776
Handbag,8,55,23,40,50600,2850,797
Mattress Topper,5,190,10,99,188100,2860,883
Dvd Cabinet,16,22,47,93,96162,2870,435509
Heater,5,13,40,58,30160,2880,800
Corner Shelf,5,61,26,26,41236,2890,661
Motorcycle Engine,39,25,42,25,26250,2900,898
Curtain Pole,2,10,10,240,24000,2910,670
Record Player,7,38,30,31,35340,2920,972
Single Divan Bed,25,190,50,120,1140000,2930,27974
Large Fish Tank,23,80,80,80,512000,2940,26869
Daybed,80,100,100,200,2000000,2950,672
Tablebench,20,60,40,140,336000,2960,1326
Upright Freezer,50,178,54,58,557496,2970,28622
Christmas Tree,7,195,53,53,547755,2990,633
Tool Box,18,20,20,40,16000,3000,1088
Air Conditioning Unit,15,70,30,50,105000,3010,509
Occasional Table,28,45,58,90,234900,3020,902
Mobile Phone,1,14,1,7,98,3030,888
Rocking Horse,20,84,42,29,102312,3040,975
Workbench,30,96,91,140,1223040,3050,1157
Cabin Bed,20,110,30,95,313500,3060,583
Kitchen Bin,6,80,40,76,243200,3070,829
Stand,2,47,15,25,17625,3080,1050
High Chair,9,81,47,50,190350,3090,26648
Golf Bag,1,45,1,36,1620,3100,781
Mannequin,10,150,40,40,240000,3110,1297
Garden Strimmer,3,70,40,30,84000,3120,26244
Super Kingsize Bed Frame,90,219,100,121,2649900,3130,435532
Electric Bicycle,20,95,30,140,399000,3140,26198
Day Bed,80,100,100,200,2000000,3150,27973
Folding Bed,45,90,41,100,369000,3160,750
Bass Guitar,10,70,30,100,210000,3170,534
Fishing Rod,2,16,16,4,1024,3180,740
Sink,60,60,26,46,71760,3190,1014
Moses Basket,1,61,30,34,62220,3200,893
Multigym,70,150,90,130,1755000,3210,899
Patio Set,100,200,100,200,4000000,3220,925
Loudspeaker,16,32,32,53,54272,3230,27449
Envelope,1,5,1,10,50,3240,722
Sunbed,245,60,100,200,1200000,3250,1066
Wine Rack,10,100,30,60,180000,3260,1153
Church Pew,40,77,45,141,488565,3270,634
Easel,4,60,4,60,14400,3280,26196
Cot Mattress,3,27,64,95,164160,3290,455657
Corner Desk,20,100,93,140,1302000,3300,26156
Butchers Block,20,100,40,120,480000,3310,582
Child Car Seat,20,64,71,50,227200,3320,26088
Twin Pedestal Desk,40,80,80,177,1132800,3330,28618
Queensize Bed & Mattress,67,180,135,68,1652400,3340,435521
Single Bed Base,22,50,37,180,333000,3350,435525
Small Double Mattress,34,26,120,179,558480,3360,455666
Travel Cot,23,98,90,146,1287720,3370,28614
Garage Door,100,230,50,300,3450000,3380,765
Puffet,5,80,80,80,512000,3390,27951
Crate,100,100,160,160,2560000,3400,665
Hall Table,76,84,38,80,255360,3410,793
Plan Chest,40,78,50,51,198900,3420,940
Stackable Chair,5,70,50,50,175000,3430,1048
Soundsystem,16,32,32,53,54272,3440,28416
Arcade Machine,136,100,90,86,774000,3450,517
Vivarium,12,40,37,38,56240,3460,1123
Climbing Frame,50,150,160,250,6000000,3470,635
Curtain,2,10,10,240,24000,3480,669
Wheel,11,70,20,70,98000,3490,1140
Corner Cupboard,25,34,91,91,281554,3500,659
Jukebox,140,138,71,86,842628,3510,819
Car Key,1,8,2,6,96,3520,26119
Dog Cage,7,12,12,16,2304,3530,685
Passport,1,10,10,10,1000,3540,923
Safe,30,20,20,31,12400,3550,987
Electric Wheelchair,100,50,106,66,349800,3560,26210
Snuggle Chair,10,90,50,60,270000,3570,28413
10 Seater Dining Table,79,116,210,75,1827000,3590,493
Picnic Bench,45,90,50,140,630000,3600,934
Cooker Hood,20,60,26,22,34320,3610,657
Double Futon,35,55,98,135,727650,3620,696
Photocopier,70,100,60,100,600000,3640,932
Statue,43,141,60,60,507600,3650,1051
Gas Hob,11,7,52,86,31304,3660,774
Quad Wardrobe,140,62,210,218,2838360,3670,435520
Bathroom Basin,28,85,80,62,421600,3680,26097
Folding Bicycle,20,95,30,140,399000,3690,26227
Free Standing Bath,80,65,80,170,884000,3700,26231
Golf Trolley,11,30,20,58,34800,3710,784
Plant Stand,2,15,10,10,1500,3720,942
Telephone Table,40,100,100,140,1400000,3730,28607
Pedestal Desk,40,80,80,177,1132800,3750,929
Storage Bench,15,43,43,43,79507,3760,1056
School Desk,20,100,93,140,1302000,3770,27968
Deck Chair,5,120,10,93,111600,3780,435504
Upright Fridge,40,55,54,87,258390,3790,435539
Document,1,30,10,20,6000,3800,684
Snowboard,50,36,15,49,26460,3810,1040
Towel Rail,2,100,5,50,25000,3820,1093
Wheelbarrow,20,61,21,57,73017,3830,1141
Outboard Engine,50,120,80,100,960000,3840,27925
Trampoline (12Ft-20Ft),100,20,365,515,3759500,3850,435534
Aquarium,20,50,50,36,90000,3860,516
Dog Kennel,40,80,40,57,182400,3870,688
Fishing Tackle,10,1,1,2,2,3880,741
French Door,70,209,20,100,418000,3890,26234
Paint,4,60,4,60,14400,3900,27929
Frame,3,80,4,60,19200,3910,756
Punch Bag,25,137,60,40,328800,3920,962
Double Buggy,15,30,30,70,63000,3930,26178
Computer Speaker,10,13,26,36,12168,3940,435500
Extractor Fan,2,99,51,60,302940,3950,26215
4 Seater Table,28,92,89,74,605912,3960,503
Cast Iron Bath,136,153,45,82,564570,3970,617
Sculpture,50,150,50,170,1275000,3980,992
Two Seater Reclining Sofa,45,95,154,97,1419110,3990,455677
Three Seater Reclining Sofa,55,94,213,98,1962156,4000,455685
Massage Table,11,87,60,185,965700,4010,881
Roof Rack,29,183,58,94,997716,4020,980
Marble Coffee Table,20,48,104,110,549120,4030,27453
Childs Bed,40,98,90,158,1393560,4040,630
Generator,48,57,64,63,229824,4050,778
Bath Panel,80,65,80,170,884000,4060,26095
Vase,10,13,26,36,12168,4070,435540
Food Mixer,4,31,34,25,26350,4080,752
Strimmer,3,70,40,30,84000,4090,1062
Tea Trolley,8,70,10,65,45500,4100,1078
Swing,20,200,40,40,320000,4110,1296
Reception Desk,80,90,100,320,2880000,4120,10401
Coachbuilt Pram,37,125,59,59,435125,4130,640
Shower Unit,36,195,30,90,526500,4140,1005
49 Inch Tv,26,80,36,124,357120,4150,26035
Bike Rack,10,95,20,100,190000,4160,554
Paper Shredder,16,59,29,35,59885,4170,917
Car Front Bumper,4,60,60,87,313200,4180,26117
Sink Unit,60,60,26,46,71760,4190,27977
Spin Bike,80,140,60,127,1066800,4200,28417
Single Headboard,20,10,50,80,40000,4210,435527
One Seater Sofa Bed,60,70,70,58,284200,4220,455663
Organ,320,127,153,182,3536442,4230,907
Toy Kitchen,12,100,50,100,500000,4240,28613
Small Single Mattress,17,24,75,155,279000,4250,455661
Bmx,10,85,40,140,476000,4260,562
Playhouse,45,158,140,186,4114320,4270,944
Slide,23,150,51,34,260100,4280,1018
Electric Drum Kit,25,90,61,62,340380,4290,26202
Sea Kayak,16,47,26,72,87984,4300,27969
Boiler,15,60,30,42,75600,4310,566
65 Inch Tv,34,107,52,165,918060,4320,26051
Adult Tricycle,30,80,36,208,599040,4330,26080
Children Playhouse,45,158,140,186,4114320,4340,26141
Marble Dining Table,200,100,100,160,1600000,4350,27454
Chesterfield Sofa,50,75,90,170,1147500,4360,435494
Ceiling Light,16,36,18,102,66096,4370,620
Large Chandelier,60,110,105,105,1212750,4380,626
Tandem Bike,28,69,20,200,276000,4390,1076
Wine,40,13,26,36,12168,4400,1151
Cast Iron Radiator,100,76,14,140,148960,4410,26130
Kids Quad Bike,30,65,66,97,416130,4420,26656
Chinese Rug,5,10,10,244,24400,4430,26144
Childs Trampoline,5,20,90,90,162000,4440,435498
Electric Scooter,18,105,107,43,483105,4450,717
Loveseat,32,86,87,118,882876,4460,872
One Seater Couch,33,89,45,85,340425,4470,27922
Kitchen Stool,12,45,44,93,184140,4480,435530
Small Double Divan,51,157,120,81,1526040,4490,455678
Awning,20,100,100,100,1000000,4500,521
Clock,10,13,26,36,12168,4510,636
Super King Divan,118,196,178,63,2197944,4520,455686
Box Of Files,10,50,50,30,75000,4530,577
Hedge Trimmer,4,18,19,75,25650,4540,802
Trestle Table,16,74,20,140,207200,4550,1102
Barber Chair,10,90,50,60,270000,4560,26092
Toy Car,12,100,50,100,500000,4570,28612
Camera,10,13,26,36,12168,4580,586
Car Boot Lid,20,48,101,11,53328,4590,596
Gearbox,40,45,20,46,41400,4600,777
Home Bar,50,100,400,100,4000000,4610,805
Snooker Table,1150,86,381,357,11697462,4620,1039
King Divan,75,193,150,63,1823850,4630,455684
Paperwork,1,30,1,21,630,4640,918
Plinth,30,100,50,50,250000,4650,1300
Turntable,10,50,40,40,80000,4660,1305
Drinks Fridge,80,175,80,150,2100000,4670,26189
Drinks Trolley,55,71,40,78,221520,4680,26190
Pressure Washer,11,40,48,59,113280,4690,27950
Radiator Cover,20,111,19,82,172938,4700,967
Barrell,30,88,50,50,220000,4710,1312
Driveway Gates,64,183,5,152,139080,4720,708
Gas Fire,15,46,56,80,206080,4730,26247
Car Wing,11,120,30,152,547200,4740,610
Fire Door,35,91,4,198,72072,4750,732
Hall Stand,5,76,40,120,364800,4760,792
Magazine Rack,3,20,3,22,1320,4770,876
Air Compressor,2,13,24,33,10296,4780,26081
Potters Wheel,2,32,22,28,19712,4790,950
Radiogram,30,75,40,100,300000,4800,969
Saddle,5,38,38,13,18772,4810,986
Baby Clothes,10,100,40,40,160000,4820,523
Carpet Cleaner,10,70,28,51,99960,4830,613
Dehumidifier,25,40,42,40,67200,4840,674
Hi-Fi Unit,40,78,40,59,184080,4850,803
Table Saw,27,68,35,60,142800,4860,1072
Dumbbell,40,60,60,50,180000,4870,26194
Bird Cage,5,48,30,36,51840,4880,558
Projector Screen,20,25,27,121,81675,4900,960
Washstand,15,71,48,51,173808,4910,1131
30 Inch Tv,16,49,17,76,63308,4920,26014
43 Inch Tv,23,70,30,109,228900,4930,26029
Quilt,6,20,20,20,8000,4940,435522
Locker,26,140,45,30,189000,4960,865
Shop Counter,60,100,80,400,3200000,4970,1002
Subwoofer,21,8,13,13,1352,4980,1064
Wine Cooler,37,73,63,40,183960,4990,1152
Kids Bed,20,50,50,158,395000,5000,26654
1 Cubic Metre,80,100,100,100,1000000,5001,33139
Click & Collect Delivery,10,100,100,100,1000000,5002,4029250
Click & Collect Delivery - NHS,10,100,100,100,1000000,5003,4035735
Click & Collect Delivery - MHA,10,100,100,100,1000000,5004,4035728
Nursing Chair,10,90,50,60,270000,5010,27920
Exhibition Stand,116,200,230,300,13800000,5020,727
Roof Box,35,46,80,210,772800,5030,979
Bouncy Castle,90,50,100,200,1000000,5040,573
Projector,7,14,40,45,25200,5050,959
Go-Kart,40,68,67,115,523940,5060,780
Steamer,10,70,50,50,175000,5070,1299
Log Burner,50,66,30,53,104940,5080,27330
Slate Snooker Table,800,84,120,180,1814400,5090,435528
Aga Cooker,585,85,68,149,861220,5110,508
Draw Set,1,73,54,48,189216,5120,699
Dvd,1,19,1,13,247,5130,712
Umbrella Stand,10,80,30,30,72000,5140,1115
Wendy House,40,120,120,120,1728000,5150,1139
Windsurf Board,30,50,20,110,110000,5160,1150
Hostess Trolley,55,71,40,78,221520,5170,26649
Wood Lathe,500,150,150,150,3375000,5180,28795
Car Tailgate,9,64,130,119,990080,5190,609
Drinks Bar,150,110,60,420,2772000,5200,705
Pottery Kiln,27,51,51,41,106641,5210,952
Sign,10,100,50,30,150000,5220,1010
Tricycle,30,80,36,208,599040,5230,1103
Plastic Playhouse,45,158,140,186,4114320,5250,27939
Cake,3,20,20,15,6000,5260,585
Drawing Board,5,11,71,50,39050,5270,701
Larder Unit,20,180,56,100,1008000,5280,842
Lathe,500,150,150,150,3375000,5290,857
Wrought Iron Gate,100,100,30,150,450000,5300,1160
Chesterfield Chair,50,72,86,107,662544,5310,26135
Display Fridge,80,175,80,150,2100000,5320,26173
Marble Fire Place,60,100,60,100,600000,5330,27455
Golf Buggy,410,240,140,120,4032000,5340,782
Ski,10,5,23,29,3335,5350,1015
Toy,12,100,50,100,500000,5370,28611
Rowing Machine Split In 2,39,250,59,96,1416000,5380,458658
Closet,20,173,48,114,946656,5390,637
Hatstand,5,140,30,30,126000,5410,1330
Grandmother Clock,57,183,26,39,185562,5420,26249
Motor,40,100,80,100,800000,5430,27916
Bird Table,25,170,34,40,231200,5440,435488
Double Ottoman Bed,50,204,148,89,2687088,5450,455690
Carver Chair,5,112,47,66,347424,5470,615
Patio Heater,30,140,50,50,350000,5480,924
Steam Cleaner,5,35,35,28,34300,5490,1052
Stove,62,67,50,70,234500,5500,1061
Towbar,3,20,7,25,3500,5510,1091
Van Door,20,120,30,120,432000,5520,1119
22 Inch Tv,12,36,9,56,18144,5530,26004
Cargo Bike,20,95,30,140,399000,5540,26126
Motorcycle Exhaust,35,57,30,47,80370,5550,27917
Powered Wheelchair,10,50,50,50,125000,5560,27947
Barbell,20,10,20,50,10000,5570,530
Massage Chair,20,50,50,52,130000,5580,879
Pilates Reformer,65,75,70,63,330750,5590,937
Vending Machine,296,183,78,98,1398852,5600,1121
Water Tank,15,150,100,150,2250000,5610,1133
Instrument,15,52,14,104,75712,5620,26652
High Sleeper,102,165,130,122,2616900,5630,455688
Ride On Petrol Lawn Mower,500,110,76,186,1554960,5640,604569
12 Seater Dining Table,94,177,194,75,2575350,5650,495
Garden Pond,5,20,2,25,1000,5660,769
46 Inch Tv,24,75,33,117,289575,5670,26032
Electric Massage Couch,60,85,88,213,1593240,5680,26205
Massage Couch,16,183,86,76,1196088,5690,27458
Patio Awning,20,100,100,100,1000000,5700,27931
Blind,5,80,10,100,80000,5710,561
Car Axle,20,38,38,182,262808,5720,592
Car Hard Top,41,100,30,100,300000,5730,601
Display Board,2,1,22,32,704,5740,680
Drinks Unit,60,66,45,64,190080,5750,707
Fabric,5,10,10,200,20000,5760,728
37 Inch Tv,20,61,24,94,137616,5770,26021
Four Piece Suite,100,100,200,200,4000000,5780,26024
Bedlinen,5,78,40,54,168480,5790,26098
Gas Stove,62,67,50,70,234500,5810,26248
Ipad,10,13,26,36,12168,5820,814
Pinball Machine,136,150,190,60,1710000,5830,938
Carry Cot,23,98,90,146,1287720,5840,26128
Handrail,5,20,100,20,40000,5850,26254
Corner Display Unit,39,33,71,131,306933,5860,455664
Armoire,40,214,62,139,1844252,5870,519
Dog Guard,6,81,10,140,113400,5880,687
Engine Parts,20,40,30,35,42000,5890,721
Lounge Chair,20,76,58,61,268888,5900,869
Massage Bed,15,82,60,182,895440,5910,878
Sauna,200,195,73,100,1423500,5920,988
6Ft Snooker Table,400,81,122,213,2104866,5930,26056
Front Bumper,4,60,60,87,313200,5940,26237
Pizza Oven,80,109,80,101,880720,5950,27936
Chicken Coop And Run,60,93,70,151,983010,5960,629
Garden Shredder,10,87,51,34,150858,5970,771
Hamster Cage,16,58,38,38,83752,5980,795
Hospital Bed,150,119,42,87,434826,5990,809
Parrot Cage,2,60,60,61,219600,6000,921
Server,19,33,57,70,131670,6010,994
Car Panel,3,3,17,48,2448,6020,603
Drill,1,4,4,9,144,6030,704
Wing Chair,10,90,50,60,270000,6040,28793
Drinks Globe,9,91,51,51,236691,6050,706
Engine Block,150,40,35,30,42000,6060,720
File Box,1,28,28,35,27440,6070,731
Futon Sofa,35,113,121,54,738342,6080,762
Hamper,3,19,40,30,22800,6090,794
36 Inch Tv,19,59,23,91,123487,6100,26020
Small Fish Tank,18,40,32,27,34560,6110,28174
Urn,10,40,30,40,48000,6120,28625
Van Seat,20,84,54,36,163296,6130,28627
Mat,5,10,10,244,24400,6140,435516
Mid Sleeper,102,165,130,122,2616900,6150,455689
Garden Spade,2,102,6,21,12852,6160,674766
Gate,30,23,5,65,7475,6170,775
Longcase Clock,20,180,50,25,225000,6180,868
Playpen,11,94,76,94,671536,6190,945
Telescope,7,33,66,81,176418,6200,1079
Bass Amplifier,29,66,48,74,234432,6210,26094
Childs Toy,10,13,26,36,12168,6220,435497
Garden Fork,2,102,6,21,12852,6230,674768
Chicken Coop,60,90,64,137,789120,6240,628
Leaf Blower,2,41,30,22,27060,6250,859
Linen Press,79,94,24,49,110544,6260,864
Pa System,28,48,50,42,100800,6270,911
28 Inch Tv,15,46,15,71,48990,6280,26010
Water Pump,15,24,11,60,15840,6290,28631
Car Spoiler,11,20,135,85,229500,6300,608
Skirting Board,20,6,2,245,2940,6310,1016
Stairlift,40,100,70,70,490000,6320,1049
Belfast Sink,60,60,26,46,71760,6330,26101
American Pool Table,440,76,141,256,2743296,6350,435486
Car Battery,20,23,18,21,8694,6360,435493
Double Bass,6,43,5,33,7095,6370,692
Flower,10,15,50,15,11250,6380,749
Hot Water Cylinder,2,16,42,60,40320,6390,812
Jacket,2,2,30,40,2400,6400,816
Bicycle Frame,20,95,30,140,399000,6410,26103
Futon Bunk Bed,59,100,100,196,1960000,6420,26242
Scanner,10,13,26,36,12168,6430,435523
Car Roof,30,38,135,85,436050,6440,606
Phone,1,18,10,9,1620,6450,931
Pond Filter,4,30,49,30,44100,6460,947
Power Plate,57,152,74,64,719872,6470,954
Roller Blind,1,10,10,150,15000,6480,977
Welder,8,22,17,24,8976,6490,1137
Synthesiser,10,20,20,80,32000,6500,1342
Card Table,44,81,99,183,1467477,6510,26124
Wedding Cake,34,30,30,30,27000,6520,435541
Bandsaw,112,171,76,69,896724,6530,527
Garden Arbour,40,200,100,121,2420000,6540,766
Harp,3,97,59,27,154521,6550,798
Log Basket,1,35,30,30,31500,6560,866
20 Inch Tv,11,33,7,51,11781,6570,26002
Modular Sofa,91,88,95,213,1780680,6580,27915
Stable Door,40,209,20,100,418000,6590,28419
Dolls Pram,2,70,40,65,182000,6600,435505
Compressor,2,13,24,33,10296,6610,649
Jetski,132,106,337,124,4429528,6620,818
Power Washer,11,40,48,59,113280,6630,955
Butler Sink,60,60,26,46,71760,6640,26113
Ride On Mower,500,110,76,186,1554960,6650,606814
8 Seater Table,75,71,190,80,1079200,6660,507
Knitting Machine,2,25,15,25,9375,6670,838
21 Inch Tv,12,34,8,53,14416,6680,26003
Large Bed Base,12,207,81,50,838350,6690,26704
Lounger,8,79,60,100,474000,6700,27451
Sun Lounger,8,79,60,100,474000,6701,28425
Stainless Steel Table,45,75,60,90,405000,6710,28420
Van Roof Rack,29,183,58,94,997716,6720,28626
Four Poster Bed Frame,70,100,40,170,680000,6730,435510
Queen Size Bed Frame,28,30,150,204,918000,6731,768992
Crib Mattress,2,5,47,84,19740,6740,455651
Boots,10,13,26,36,12168,6750,572
Candy Cart,10,180,65,130,1521000,6760,589
Chainsaw,40,13,26,40,13520,6770,622
Oil Tank,30,145,61,61,539545,6780,906
Paper,10,13,26,36,12168,6790,916
Storage Heater,41,70,17,33,39270,6800,1058
Tabletop,20,20,80,120,192000,6810,1306
Tv Unit,20,51,39,51,101439,6820,756166
Dog Food,10,13,26,36,12168,6830,686
Fire Grate,10,16,26,38,15808,6840,734
Gramophone,10,26,14,14,5096,6850,785
Rotavator,76,95,48,133,606480,6860,981
Winch,40,20,16,100,32000,6870,1146
Flipchart,7,20,10,30,6000,6880,26225
Steel Bath,80,65,80,170,884000,6890,28421
Guest Bed,24,155,95,104,1531400,6900,455679
Chair Bed,25,77,32,60,147840,6910,624
Dog Run,10,100,100,200,2000000,6920,689
Fire Fender,5,145,37,150,804750,6930,733
Games Table,44,81,99,183,1467477,6940,764
Pony Cart,100,100,58,150,870000,6950,948
Pottery,1,15,22,13,4290,6960,951
Vibration Plate,40,143,75,75,804375,6970,1122
Kettlebell,40,40,40,40,64000,6980,1344
26 Inch Tv,14,43,13,66,36894,6990,26008
38 Inch Tv,20,62,25,97,150350,7000,26022
47 Inch Tv,25,77,34,119,311542,7010,26033
Cast Iron Stove,62,67,50,70,234500,7020,26131
Children Seat,19,20,73,81,118260,7030,26140
Small Single Kids Bed,10,153,99,63,954261,7040,455674
Gas Heater,15,46,56,80,206080,7050,773
Gun Cabinet,40,140,26,53,192920,7060,790
Horse Rug,1,31,2,40,2480,7070,807
Kiln,205,54,64,69,238464,7080,824
Luggage,10,82,55,35,157850,7090,873
Machine Parts,7,50,10,30,15000,7100,874
Solar Panel,21,158,5,107,84530,7110,1046
Glassdoor,60,200,10,90,180000,7120,1339
45 Inch Tv,24,74,32,114,269952,7130,26031
Hanging Chair,10,90,50,60,270000,7140,26255
Laptop Table,1,35,43,24,36120,7150,455653
Air Cooler,15,65,38,28,69160,7170,510
Bar Seat,15,100,30,30,90000,7180,529
Bull Bar,14,20,20,125,50000,7190,579
Log Splitter,52,100,70,90,630000,7200,867
Windscreen,20,80,10,140,112000,7220,1302
Firepit,20,50,70,70,245000,7230,1328
27 Inch Tv,15,44,14,69,42504,7240,26009
Counter,70,10,70,410,287000,7250,26161
Fireside Chair,10,90,50,60,270000,7260,26221
Gun Safe,50,140,30,30,126000,7270,26252
Childs Car Seat,7,65,60,45,175500,7280,435496
Workstation,30,96,91,140,1223040,7290,435542
Air Rifle,15,80,10,10,8000,7300,511
Car Body Kit,80,170,142,372,8980080,7310,594
Computer,10,80,50,50,200000,7320,650
Pump,15,24,11,60,15840,7330,961
Saw,1,7,8,26,1456,7340,989
Air Hockey Table,200,81,99,243,1948617,7350,26082
Bass Amp,29,66,48,74,234432,7360,26093
Boat Motor,70,60,60,100,360000,7370,26105
Chiller,91,95,62,130,765700,7380,26142
Single Kids Bed,53,137,163,78,1741818,7390,455683
King Ottoman Bed,58,214,162,89,3085452,7400,455692
6 Seater Table,40,76,90,140,957600,7410,505
Coffer,20,35,22,58,44660,7420,646
Lounge Unit,80,43,50,100,215000,7430,870
Newspaper Rack,40,21,39,27,22113,7440,900
Water Heater,68,25,25,13,8125,7450,1132
35 Inch Tv,19,57,22,89,111606,7460,26019
39 Inch Tv,21,64,26,99,164736,7470,26023
Poker Table,44,81,99,183,1467477,7480,27943
Trellis,25,80,4,180,57600,7490,28615
Power Tool,10,13,26,36,12168,7500,435518
Travel Cot Mattress,2,18,73,72,94608,7510,455654
Junior Bed,19,123,116,49,699132,7520,455668
Four Poster Bed & Mattress,42,195,50,160,1560000,7530,501
Book Press,10,100,40,50,200000,7540,569
Kite Buggy,6,71,37,103,270581,7550,837
Model Boat,3,50,50,100,250000,7560,890
Pedal Car,20,53,45,84,200340,7570,927
Terrarium,23,40,35,37,51800,7580,1081
Tile Cutter,4,18,13,57,13338,7590,1085
Mantelpiece,20,100,40,140,560000,7600,1304
Lantern,5,40,40,40,64000,7610,1309
Composite Door,40,209,20,100,418000,7620,26147
Counter Top,70,10,70,410,287000,7630,26162
Board Room Table,58,120,70,240,2016000,7640,563
Bonnet,10,120,20,120,288000,7650,567
Car Radiator,10,13,26,36,12168,7660,605
Snooker Cue,1,7,5,122,4270,7670,1038
Storage Seat,40,82,32,48,125952,7680,1059
Wakeboard,4,99,38,6,22572,7690,1124
Chopping Board,10,13,26,36,12168,7700,435499
Triple Futon,40,120,125,60,900000,7710,455671
Coal Scuttle,5,33,25,18,14850,7720,641
Magazine,1,25,10,22,5500,7730,875
Pew,82,114,51,165,959310,7740,930
Sleigh Bed,43,120,130,236,3681600,7750,1017
Podium,20,100,50,50,250000,7770,1316
Airbed,20,50,50,50,125000,7780,1337
34 Inch Tv,18,56,21,86,101136,7790,26018
70 Inch Tv,36,115,57,178,1166790,7800,26057
Compost,10,50,40,50,100000,7810,26148
Kindle,1,15,1,8,120,7820,26657
Scarifier,30,71,25,46,81650,7830,27967
Blu-Ray Player,10,5,40,20,4000,7840,435491
Double Storage Bed,61,198,144,105,2993760,7850,455691
King Storage Bed,67,209,159,102,3389562,7860,455693
12 Seater Table,94,177,194,75,2575350,7870,496
Dovecote,15,38,28,58,61712,7880,698
Plastic Tank,10,120,60,100,720000,7890,943
Record,10,13,26,36,12168,7900,971
Throne,40,140,80,108,1209600,7910,1311
Exterior Door,40,209,20,100,418000,7920,26213
Gutter,5,15,150,15,33750,7930,26253
Blu-Ray,1,17,1,14,238,7940,435489
Two And A Half Seater Sofa,52,91,174,84,1330056,7950,435537
Moses Basket Mattress,2,9,39,58,20358,7960,455652
Humidifier,10,60,28,28,47040,7970,813
Propeller,40,100,30,100,300000,7980,1314
Hotplate,5,10,30,50,15000,7990,1320
Displaydrinks,25,100,50,100,500000,8000,1338
Firescreen,15,80,10,30,24000,8010,1340
Anchor,50,50,50,50,125000,8020,1346
25 Inch Tv,14,41,12,64,31488,8030,26007
75 Inch Tv,39,123,62,191,1456566,8040,26062
Dolly,10,13,26,36,12168,8050,26177
Ladder Back,10,90,50,60,270000,8060,26663
Blu-Ray Cabinet,16,22,47,93,96162,8070,435490
Twin Bed,41,185,90,58,965700,8080,435536
Play Table,11,61,62,57,215574,8090,455660
Inflatable Sofa,6,20,142,172,488480,8100,455665
Small Single Divan,28,182,75,53,723450,8110,455669
Single Storage Bed,59,200,99,78,1544400,8120,455680
Inflatable Chair,2,104,81,62,522288,8130,455694
Shoe Rack,10,50,50,50,125000,8140,756203
Present,5,50,50,50,125000,8150,957
Whirlpool,80,80,80,180,1152000,8160,1143
Gondola,72,120,80,120,1152000,8170,1308
Firebasket,5,50,50,50,125000,8180,1327
63 Inch Tv,33,103,50,160,824000,8190,26049
French Chair,40,108,100,108,1166400,8200,26233
Corner Chaise,65,143,181,88,2277704,8210,455687
Car Bench Seat,15,43,45,100,193500,8220,593
Chopping Block,7,19,2,15,570,8230,632
Fire Insert,77,120,29,33,114840,8240,735
Leaflet,1,21,30,15,9450,8250,860
Marble Table,220,100,150,90,1350000,8260,877
Tack Box,6,60,60,30,108000,8270,1073
Sleigh,50,80,80,150,960000,8280,1298
Seatbox,10,50,40,50,100000,8290,1318
Vibraphone,20,110,50,100,550000,8300,1333
Extinguisher,15,50,20,15,15000,8310,1345
33 Inch Tv,18,54,20,84,90720,8320,26017
Brushcutter,30,71,25,46,81650,8330,26110
Camcorder,10,13,26,36,12168,8340,26114
Large Picture Frame,10,100,12,137,164400,8350,26981
Refectory Table,40,100,100,140,1400000,8360,27959
Screwdriver Set,10,13,26,36,12168,8370,435524
Emperor Mattress,88,23,203,207,966483,8380,455673
10 Seater Table,79,116,210,75,1827000,10720,494
14 Seater Dining Table,130,73,310,120,2715600,10730,497
14 Seater Table,130,73,310,120,2715600,10740,498
16 Seater Dining Table,135,76,370,120,3374400,10750,499
16 Seater Table,135,76,370,120,3374400,10760,500
Antique Clock,57,183,26,39,185562,10770,514
Changing Unit,25,85,46,79,308890,10780,522
Highchair,9,81,47,50,190350,10790,524
Baggage,30,55,55,25,75625,10800,526
Basin,28,85,80,62,421600,10810,532
Bean Bag,6,60,60,60,216000,10820,541
Boat Engine,70,60,60,100,360000,10830,565
Buggy,15,30,30,70,63000,10840,578
Dollhouse,5,67,56,29,108808,10850,690
Electric Guitar,6,43,5,33,7095,10860,714
Flight Case,15,33,16,46,24288,10870,747
Floor Lamp,7,158,27,27,115182,10880,748
Three Seater Settee,49,86,80,180,1238400,10890,1082
Briefcase,5,41,10,50,20500,10900,1313
Small Chandelier,20,70,70,70,343000,10910,1336
Backpack,10,80,40,50,160000,10920,1343
23 Inch Tv,13,38,10,58,22040,10930,26005
29 Inch Tv,16,48,16,74,56832,10940,26011
31 Inch Tv,17,51,18,79,72522,10950,26015
41 Inch Tv,22,67,28,104,195104,10960,26027
44 Inch Tv,23,72,31,112,249984,10970,26030
80 Inch Tv,41,131,67,203,1781731,10980,26067
85 Inch Tv,44,139,72,216,2161728,10990,26072
90 Inch Tv,46,147,77,229,2592051,11000,26077
Black Bag,5,45,45,25,50625,11010,26104
Car Roof Rack,29,183,58,94,997716,11020,26121
Crib,23,98,90,146,1287720,11030,26163
Desk Chair,10,90,50,60,270000,11040,26168
Divan Bed Base,10,180,70,135,1701000,11050,26175
Double Pram,15,30,30,70,63000,11060,26181
Double Pushchair,15,30,30,70,63000,11070,26182
Fatboy,5,80,80,80,512000,11080,26216
Small Picture Frame,5,68,9,107,65484,11090,28279
U Shaped Sofa,90,212,226,91,4359992,11100,435538
Steamer Chair,14,91,54,140,687960,11110,560944
Queensize Mattress,40,30,149,191,853770,11120,757341
One Door Cupboard,10,72,60,50,216000,11140,768662
Three Door Sideboard,35,85,38,128,413440,11150,768663
Three Drawer Cabinet,33,101,62,47,294314,11160,768664
Three Drawer Chest,32,78,45,80,280800,11170,768665
Two Door Cupboard,40,180,50,80,720000,11180,768666
Two Door Sideboard,30,80,36,100,288000,11190,768667
Two Drawer Cabinet,15,40,67,41,109880,11200,768668
Two Drawer Chest,25,65,45,55,160875,11210,768669
Two Seater Bench,14,91,66,120,720720,11220,768670
Standing Printer,68,111,65,64,461760,11230,768671
Bed,35,180,56,141,1421280,100001,479902
Box,6,46,41,46,86756,100002,574
Sofa,55,98,167,84,1374744,100003,455676
Flat Packed Wardrobe,95,188,57,159,1703844,100004,746
Rattan 2 Seater Sofa,45,95,150,90,1282500,100020,7767234
Rattan 3 Seater Sofa,70,100,180,90,1620000,100030,7767235
Rattan L Shaped Sofa,90,90,150,225,3037500,100040,7767236
Road Bike,20,95,30,140,399000,,27963
Riser Recliner Chair,100,110,100,114,1254000,,27961
Vibrogym,50,120,50,50,300000,,1325
Prambuggy,15,30,30,70,63000,,27948
Poofe,5,80,80,80,512000,,27944
Projecter Screen,5,16,12,193,37056,,435519
Plasma Tv,20,61,24,94,137616,,27937
Marquee Tent,15,100,50,50,250000,,27457
Workstations,10,100,80,140,1120000,,1332
Large Boxes,8,51,50,50,127500,,1317772
Folding Bike,20,95,30,140,399000,,26228
1 Cubic Foot,10,30,31,31,28830,,33159
Firecracker,5,30,10,5,1500,,26220
Electric Chair,10,90,50,60,270000,,26200
Drawings,4,60,4,60,14400,,26185
Dismantled Wardrobe,57,190,75,140,1995000,,26172
Cocktail Cabinet,25,180,171,178,5478840,,26145
51 Inch TV,27,84,38,130,414960,,26037
4 Seater Dining Table & Chairs,66,96,96,97,893952,,1663123
Stroller,15,30,30,70,63000,,28423
Heat Pump Tumble Dryer,50,85,60,60,306000,,768882
Computer Chair,12,70,60,60,252000,,768808
Cot Bed Headboard,10,85,8,120,81600,,768813
Double Canoe,25,40,88,430,1513600,,768828
Double Doors,45,209,30,100,627000,,768830
Emperor Size Bed,50,30,200,215,1290000,,768847
Flat Pack Table,30,6,80,120,57600,,768861
Full Dishwasher,50,90,60,60,324000,,768874
Full-Size Foldable Ping Pong Table,40,140,15,152,319200,,768877
Hand Basin,15,16,40,48,30720,,768881
Commercial Rowing Machine,60,250,59,96,1416000,,768801
Heatlight without Stand,8,12,12,48,6912,,768883
High-Backed Armchair,35,120,85,85,867000,,768886
Internal Doors,25,209,18,100,376200,,768894
Kids Piano Stool,6,50,35,35,61250,,768903
Kids Stackable Stool,8,50,45,45,101250,,768904
Kneeboard,4,7,55,132,50820,,768910
L Shape Desk,32,72,160,160,1843200,,768911
L Shaped Lounger,40,90,70,240,1512000,,768912
8 Seat And Table,90,71,190,80,1079200,,768752
0-0.99M Parasol,3,150,10,10,15000,,768672
2 Seat Wooden Bench,14,91,66,120,720720,,768691
3 Piece Furniture Set,80,100,100,100,1000000,,768704
3 Seat Wooden Bench,20,85,63,146,781830,,768706
3 Tier Bookshelf,18,100,40,60,240000,,768709
4 Seat Dining Table,28,92,89,74,605912,,768720
4 Seats And Table,50,80,130,130,1352000,,768724
6 Piece Furniture Set,180,120,240,240,6912000,,768742
Laptop Stand,5,70,50,60,210000,,768916
Aerobic Stepper,6,16,28,68,30464,,768755
Air Walker,19,135,72,104,1010880,,768757
Backless Stool,11,73,33,33,79497,,768765
Barbecue Grill,20,110,70,110,847000,,768767
Buggy Quad Bike,400,129,200,150,3870000,,768775
Childs Storage Box,15,56,56,51,159936,,768787
Coin Pusher,80,160,65,53,551200,,768796
Commercial Freezer,150,180,80,80,1152000,,768798
Roll Of Fabric,1,10,10,40,4000,,976
Upright Excercise Bike,60,130,54,100,702000,,769112
Vibration Plate without Support Handle,15,15,38,68,38760,,769116
Wide Armchair,35,90,95,95,812250,,769125
Greenhouse,80,183,200,91,3330600,,787
Hifi,7,86,40,57,196080,,804
Kids Quad,30,65,66,97,416130,,823
Massage Sofa,16,183,86,76,1196088,,880
Piano,230,135,60,155,1255500,,933
Up To 1M Long Runner,4,10,10,75,7500,,769111
Screen,5,41,3,60,7380,,991
Toybox,9,35,37,54,69930,,1095
Trampoline,150,300,190,30,1710000,,1099
Unit,7,120,52,87,542880,,1116
Washer Dryer,70,80,60,60,288000,,1129
Wedding Dress,10,50,10,80,40000,,1134
Vases,10,40,30,40,48000,,1303
Deckchairs,10,50,30,60,90000,,1322
Set Of 2 Large Tables,38,85,80,70,476000,,769006
Large Pouffe,7,48,65,65,202800,,768930
Large Section Of Carpet,8,10,10,150,15000,,768933
Long And Tall,22,65,45,75,219375,,768945
Long Dressing Table,42,70,45,180,567000,,768949
Love Sac,11,100,100,130,1300000,,768950
Marble Fireplace,128,85,6,100,51000,,768955
Pyramid Heater,22,220,50,50,550000,,768988
Queen Size Bed W Mattress,65,40,150,204,1224000,,768994
Deepfreeze,80,100,100,150,1500000,,1323
Single Grill,15,20,40,45,36000,,769028
Small Boardroom Table,61,100,145,75,1087500,,769038
Small Clay Firepit,8,70,30,30,63000,,769041
Small Storage Ottoman,6,45,40,60,108000,,769057
Spinet,60,93,45,145,606825,,769066
Spinning Bike,34,110,51,107,600270,,769067
Superking Bed Frame,35,35,180,200,1260000,,769086
Triple Canoe,15,45,80,368,1324800,,769103
Garden Gate,14,117,4,107,50076,,768
Commercial Fridge,184,83,60,70,348600,,647
Commercial Oven,40,100,200,200,4000000,,648
Computer Monitor,8,43,20,57,49020,,651
Conservatory Set,75,100,89,145,1290500,,654
Corner Sofa,91,88,95,213,1780680,,662
Decking,40,30,30,12,10800,,673
Digital Piano,40,109,109,35,415835,,676
Dining Table,80,100,100,160,1600000,,678
Double Bed And Mattress,45,180,56,141,1421280,,694
Exercise Equipment,80,140,60,127,1066800,,724
Fitness Equipment,186,193,100,137,2644100,,742
Framed Picture,3,80,4,60,19200,,757
Garden Bench,21,90,57,115,589950,,767
Carton,2,19,20,25,9500,,614
Gift,5,60,60,60,216000,,779
Hand Seat,16,92,40,49,180320,,796
Iphone,1,14,1,7,98,,815
Jacuzzi,150,231,97,213,4772691,,817
Kitchen Cabinet,30,79,20,64,101120,,830
Kitchen Unit,150,480,61,370,10833600,,835
Motorbike Parts,5,26,46,55,65780,,897
Package,5,60,50,40,120000,,912
Pouffe,15,53,45,49,116865,,953
Pushchair,10,31,93,54,155682,,963
Radio,2,18,7,15,1890,,968
Roller Shutter Door,1,7,11,15,1155,,978
Table Chair,9,52,47,92,224848,,769090
Single Kayak,20,30,65,260,507000,,769029
Single Partition,25,160,30,120,576000,,769031
Single Sofa Bed,32,80,90,180,1296000,,769032
Single Swing Seat,25,195,95,95,1759875,,769033
Small Coffee Table,22,68,92,43,269008,,769042
Small Dressing Table without Mirror,28,67,48,100,321600,,769045
Small Foldable Ping Pong Table,9,75,85,175,1115625,,769047
Stacking Chair,3,70,45,45,141750,,769070
Standard Console Table,20,73,35,53,135415,,769073
Standard Desk,20,100,70,140,980000,,769074
Standard Washing Machine,70,85,55,60,280500,,769077
Stool With Back,12,90,40,45,162000,,769079
Seat,25,88,88,179,1386176,,993
Table Top Dishwasher,20,45,50,55,123750,,769091
Tall Bookcase,28,38,95,220,794200,,769096
Tall Drinks Chiller,55,185,65,59,709475,,769097
Triple Burner,15,16,30,80,38400,,769101
Triple Burner Grill,35,30,40,75,90000,,769102
Vented Tumble Dryer,25,67,50,50,167500,,769113
Wall Mounted Shelving,10,18,18,90,29160,,769120
Wall Mounted Sink,18,28,30,52,43680,,769121
Windsurfing Board With Sail,13,280,15,80,336000,,769128
Wine Cooler Fridge,16,51,47,44,105468,,769129
Wood Burning Fireplace,90,60,35,55,115500,,769130
Camera Equipment,10,40,30,30,36000,,587
Outboard Motor,50,120,80,100,960000,,27926
Double Glazed Window,25,150,10,150,225000,,26179
Electric Cooker,80,148,60,100,888000,,26201
Electric Fire And Surround,60,100,60,100,600000,,26204
Exhaust Pipe,35,57,30,47,80370,,26211
Extractor,2,99,51,60,302940,,26214
Fire Place,60,100,60,100,600000,,26218
Flat Screen Tv,20,61,24,94,137616,,26224
Front Door,40,209,20,100,418000,,26238
Hdtv,20,61,24,94,137616,,26256
Kitchen Cupboard,30,140,68,100,952000,,26658
Longboard,2,62,152,55,518320,,27448
Mower,30,71,25,46,81650,,27919
Dismantled Shed,100,183,60,132,1449360,,26171
Pine Screen,5,41,3,60,7380,,27935
Poufe,5,80,80,80,512000,,27946
Pushbike,7,40,20,100,80000,,27953
Range Cooker,130,148,60,100,888000,,27955
Shower Enclosure,36,195,30,90,526500,,27971
Signage,10,100,50,30,150000,,27972
Three Seater Couch,60,85,88,213,1593240,,28609
Two Seater Couch,55,81,75,139,844425,,28619
Upvc Door,70,209,20,100,418000,,28623
Velux Window,20,70,10,70,49000,,28628
Wall Mirror,15,120,5,58,34800,,28629
Woodburning Stove,50,66,30,53,104940,,28796
Prop,20,140,60,60,504000,,1301
Shoes,10,13,26,36,12168,,1001
Single Bed And Mattress,30,82,198,98,1591128,,1012
Snuggler,14,60,45,80,216000,,1041
Student Belongings,40,150,150,100,2250000,,1063
Tank,30,100,100,100,1000000,,1077
Toys,12,100,50,100,500000,,1096
Trolley,55,71,40,78,221520,,1105
Tv,15,57,7,96,38304,,1108
Tv Cabinet,25,58,46,106,282808,,1109
Window,20,70,10,70,49000,,1147
Window Frame,20,70,10,70,49000,,1148
Woodburner,50,66,30,53,104940,,1154
Single Canoe,16,30,85,366,933300,,769023
Foldaway Bed,22,184,107,33,649704,,455667
8 Seater Dining Table & Chairs,98,122,122,176,2619584,,1663136
53 Inch TV,28,87,40,135,469800,,26039
54 Inch TV,28,88,41,137,494296,,26040
Architects Plan Chest,40,78,50,51,198900,,26085
Car Part,30,40,25,60,60000,,26120
Car Tyre,10,80,30,80,192000,,26122
Computer Tower,10,80,50,50,200000,,26151
Conservatory Suite,75,100,89,145,1290500,,26153
Corner Suite,91,88,95,213,1780680,,26158
Cosmetics,20,10,10,10,1000,,26159
Desk Dresser,40,192,48,136,1253376,,26169
Commercial Dishwasher,60,85,60,59,300900,,768797
Aerobic Training Cycle,80,140,60,127,1066800,,768756
Arched Top Doors,35,240,5,110,132000,,768760
Baby Grand,270,100,160,120,1920000,,768761
Battery Mower,12,35,75,50,131250,,768770
Beach Chair,4,140,5,60,42000,,768771
Ceramic Glass Hob,13,10,49,56,27440,,768778
Chair Shaped Bean Bag,10,75,90,100,675000,,768780
Chairbed,19,80,85,80,544000,,768781
Charcoal Grill,20,110,60,75,495000,,768783
Chest On Chest,55,190,53,106,1067420,,768784
Childs Shelving Unit,40,76,90,140,957600,,768786
Chrome Hob,8,10,50,60,30000,,768790
Classic Patio Heater,25,220,40,40,352000,,768792
8 Person Table,75,71,190,80,1079200,,768751
Commercial Grill,34,23,50,73,83950,,768800
Commercial Sink,22,95,60,75,427500,,768802
Compact Dishwasher,65,85,60,60,306000,,768805
Compact Washer Dryer,65,85,60,60,306000,,768806
Compact Washing Machine,65,85,60,60,306000,,768807
Corded Electric Mower,13,35,75,50,131250,,768811
Counter Top Fridge,40,61,65,51,202215,,768815
Desk With Integrated Storage,55,140,68,150,1428000,,768820
Diesel Mower,18,35,75,50,131250,,768821
Double Bed W Mattress,75,85,200,144,2448000,,768825
Double Futon Sofa Bed,38,75,85,135,860625,,768833
Dressing Table W Mirror,35,72,48,120,414720,,768839
3 Seat Plastic Bench,15,85,63,146,781830,,768705
Double Bed,35,180,56,141,1421280,,1446559
1-1.99M Long Runner,5,10,10,150,15000,,768674
1-1.9M Parasol,3,170,10,10,17000,,768675
2 Door Sideboard,30,80,36,100,288000,,768682
2 Drawer Chest,25,65,45,55,160875,,768686
2 Oven Aga,406,85,68,98,566440,,768687
2-2.9M Parasol,8,260,10,10,26000,,768695
3 + Burner Barbecue,40,112,53,142,842912,,768697
3 Drawer Cabinet,33,101,62,47,294314,,768699
3 Drawer Cabinet with Legs,33,101,62,47,294314,,768700
3 Ft Bed Frame,20,115,205,100,2357500,,768702
3 Oven Aga,477,85,70,98,583100,,768703
Dressing Table With Drawers,32,72,48,100,345600,,768840
3-3.99M Long Runner,10,12,12,350,50400,,768710
3-3.9M Parasol,15,12,12,350,50400,,768711
4 Ft Bed Frame,25,50,200,130,1300000,,768716
4 Person Table,24,70,80,120,672000,,768718
4 Piece Furniture Set,100,100,200,200,4000000,,768719
4 Seat Wooden Bench,35,90,65,180,1053000,,768722
4-4.9M Parasol,18,18,18,450,145800,,768727
5 Piece Furniture Set,125,100,200,200,4000000,,768732
5+ Seat Bench,50,90,65,220,1287000,,768736
6 Drawer Chest,35,110,40,70,308000,,768738
6 Seat And Table,65,90,100,200,1800000,,768744
61 Keys Keyboard,8,20,40,100,80000,,768747
Petite Grand,250,100,148,142,2101600,,768979
Manual Foldaway Treadmill,21,55,49,117,315315,,768953
Meeting Chair,6,84,56,53,249312,,768957
Microwave,13,49,41,45,90405,,768958
Mini Arcade Machine,2,15,9,9,1215,,768959
Mini Chaise Longue,50,50,50,120,300000,,768960
Mini Fruit Machine,2,30,20,20,12000,,768961
Mini Motorbike,21,50,47,100,235000,,768962
Mini Quad Bike,35,50,70,90,315000,,768965
Mini Stepper,5,50,22,33,36300,,768966
Mini Tabletop,12,40,20,30,24000,,768969
Motorised Folding Treadmill,75,84,30,140,352800,,768972
Parlor Grand,315,102,147,190,2848860,,768978
Large With Storage or Drawers,28,92,89,74,605912,,768943
Portable Fridge,8,34,32,35,38080,,768982
Push Kick Scooter,4,75,10,68,51000,,768986
Queen Bed Guard,6,30,20,150,90000,,768991
Queen Size Bed Headboard,18,70,10,150,105000,,768993
Segway,47,120,65,65,507000,,769002
Semiconcert,350,110,148,211,3435080,,769005
Set Of 2 Small Tables,22,75,45,55,185625,,769007
Shelving Unit,26,175,38,100,665000,,769012
Short Breakfast Bar,20,90,50,100,450000,,769015
Side Table W Drawers,25,75,45,55,185625,,769016
Single Bed W Mattress,52,50,200,98,980000,,769020
Single Burner,2,12,25,35,10500,,769021
Hoverboard,10,20,20,60,24000,,768888
Duel-Exercise Bike,40,65,40,110,286000,,768841
Electric Bike,20,95,30,140,399000,,768842
Electric Fireplace,35,50,10,65,32500,,768843
Emperor Size Bed W Mattress,120,35,200,215,1505000,,768848
Emperor Size Mattress,75,30,200,215,1290000,,768849
Enamel Hob,10,5,50,60,15000,,768850
Extra Large Boardroom Table,160,75,150,400,4500000,,768855
Fireplace Package Suite,60,116,12,121,168432,,768860
Flatpacked Wardrobe,60,18,50,190,171000,,768862
French Door Fridge Freezer,45,175,80,90,1260000,,768873
Glazed Doors,25,209,18,100,376200,,768879
Home Office Furniture Set,100,150,150,150,3375000,,768887
Small Boxes,4,40,40,40,64000,,1317781
Hoverkart,8,30,45,100,135000,,768889
Induction Hob,8,5,50,60,15000,,768890
Integrated Top Freezer,40,120,50,50,300000,,768893
Kids Dining Chair,7,70,40,40,112000,,768897
Kids Dining Table,7,50,50,60,150000,,768898
Kingsize Bed Headboard,20,60,10,150,90000,,768908
Large Dressing Table without Mirror,37,72,52,140,524160,,768926
Large Gas Oven,85,93,60,100,558000,,768929
Large Sofa Bed,90,75,85,165,1051875,,768934
Large Steel,18,120,60,60,432000,,768935
Large Toy Chest,18,50,50,90,225000,,768940
Large Washing Machine,70,85,60,60,306000,,768942
Four Seater Settee,78,140,81,270,3061800,,754
Camping Equipment,10,100,100,100,1000000,,588
Canvas,1,90,3,120,32400,,591
Car Parts,30,40,25,60,60000,,604
Carpet,20,30,30,194,174600,,612
Clothes,10,40,40,45,72000,,638
Coat,1,63,22,50,69300,,642
Cot Bed,23,98,90,146,1287720,,664
Dress,1,4,26,30,3120,,702
Electric Piano,36,58,11,15,9570,,716
Exercise Machine,80,140,60,127,1066800,,725
Firegaurd,8,79,43,80,271760,,736
Fitted Wardrobe,40,183,45,160,1317600,,743
Wide Bookcase,20,91,35,130,414050,,769126
Grill,10,29,47,47,64061,,788
Hoover,5,29,33,49,46893,,806
Horse Saddle,13,24,28,30,20160,,808
Key,2,8,2,6,96,,821
Kingsize Bed And Mattress,55,50,190,210,1995000,,826
Kitchen Island,62,89,60,220,1174800,,831
Large Armchair,24,70,94,94,618520,,843
Love Seat,40,31,32,78,77376,,871
Mini Moto,60,71,60,116,494160,,886
Moped,82,97,71,164,1129468,,892
Motorbike,120,112,50,140,784000,,894
Motorbike Engine,39,25,42,25,26250,,895
Standing Cooker,80,148,60,100,888000,,769078
Small Gas Oven,45,90,60,50,270000,,769049
Small Pouffe,4,35,40,40,56000,,769050
Small Rowing Machine,16,52,45,170,397800,,769051
Small Rug,4,8,8,150,9600,,769052
Small Surfboard,3,183,53,5,48495,,769058
Small Toy Box,9,30,30,60,54000,,769059
Small With Storage,20,50,60,110,330000,,769063
Sofa Bean Bag,10,75,90,175,1181250,,769064
Square Side Table,10,45,55,55,136125,,769069
Stainless Steel Hob,10,5,50,60,15000,,769071
Stand Up Jet Ski,240,84,76,264,1685376,,769072
Standard Desk Chair,15,90,60,60,324000,,769075
Nursery Set,40,120,65,124,967200,,901
Stove Fireplace,50,85,8,120,81600,,769081
Stove Suite,50,85,8,120,81600,,769082
Superking Bed Headboard,20,75,10,180,135000,,769088
Superking Bed W Mattress,80,45,180,200,1620000,,769089
Table Top Fruit Machine,3,15,10,10,1500,,769092
Table W Drawers,20,73,35,53,135415,,769094
Tall And Wide Bookcase,28,140,35,100,490000,,769095
Triple Futon Mattress,10,140,9,190,239400,,769104
Triple Kayak,30,40,80,370,1184000,,769105
Triple Swing Seat,50,200,100,210,4200000,,769107
Vertical Climbing Stepper,20,210,95,70,1396500,,769114
Wall Mounted Fireplace,25,8,52,66,27456,,769119
Gas Cooker,80,148,60,100,888000,,26246
Combi Boiler,15,60,30,42,75600,,26146
Convector,3,13,40,58,30160,,26154
Dresser Top,40,192,48,136,1253376,,26186
Drinks Cabinet,25,180,171,178,5478840,,26188
Electric Oven,80,109,80,101,880720,,26208
Electric Recliner Chair,100,110,100,114,1254000,,26209
Exhaust System,35,57,30,47,80370,,26212
Flat Pack Shed,200,183,60,132,1449360,,26223
French Armoire,40,214,62,139,1844252,,26232
Fruit Machine,100,68,68,168,776832,,26239
Furniture Table,40,100,100,140,1400000,,26241
Garden Shed,200,183,60,132,1449360,,26243
Chinese Cabinet,25,180,171,178,5478840,,26143
Kitchen Worktop,70,10,70,410,287000,,26661
Mountain Bike,20,95,30,140,399000,,27918
Oil Painting,10,100,10,100,100000,,27921
One Seater Settee,33,89,45,85,340425,,27923
Patio Door,40,209,20,100,418000,,27932
Pramette,15,30,30,70,63000,,27949
Push Bike,7,40,20,100,80000,,27952
Road Bicycle,20,95,30,140,399000,,27962
Sofa Suite,100,100,200,200,4000000,,28415
Trike,30,80,36,208,599040,,28616
Upvc French Door,70,209,20,100,418000,,28624
Wash Basin,60,60,26,46,71760,,28630
Tiles,1,13,14,14,2548,,1086
Otterman,40,120,30,60,216000,,908
Oven,80,109,80,101,880720,,910
Packet,5,25,20,20,10000,,913
Picture,10,80,10,60,48000,,935
Picture Frame,1,76,10,119,90440,,936
Playstation 3,3,38,8,31,9424,,946
Rotovator,76,95,48,133,606480,,982
Settee,70,92,91,190,1590680,,995
Sofabed,60,80,100,180,1440000,,1045
Table,40,100,100,140,1400000,,1070
Table Football,40,37,60,71,157620,,1071
Tandem,28,69,20,200,276000,,1075
Small Electric Oven,15,30,40,50,60000,,769046
Towel Hanger,2,6,5,20,600,,1092
Tyre,10,80,30,80,192000,,1114
Wicker Basket,2,32,34,32,34816,,1144
Window Seat,30,70,70,200,980000,,1149
Writing Desk,3,500,10,75,375000,,1159
Doorframe,37,200,30,83,498000,,1294
Gunsafe,50,140,30,30,126000,,1329
58 Inch TV,30,95,45,147,628425,,26044
72 Inch TV,37,118,59,183,1274046,,26059
Baby High Chair,9,81,47,50,190350,,26090
Car Wheel,11,70,20,70,98000,,26123
Desk And Pedesdal,35,80,55,175,770000,,768818
Bed-Shaped Bean Bag,10,40,90,175,630000,,768772
Ceramic Hob,10,5,60,60,18000,,768779
Chaise Longue W Back,40,80,55,155,682000,,768782
Childs Bookcase,8,75,35,58,152250,,768785
Childs Storage Chest,15,56,56,51,159936,,768788
Classic Organ,60,12,36,97,41904,,768791
Clavinova,56,92,46,146,617872,,768794
Commercial Fridge Freezer,250,200,80,120,1920000,,768799
Commercial Washing Machine,60,85,60,59,300900,,768803
Compact Armchair,25,70,70,70,343000,,768804
Condenser Tumble Dryer,32,85,54,60,275400,,768810
Cupboard Doors,3,72,5,50,18000,,768816
Barbecue,12,90,68,90,550800,,768766
Double Bed Guard,4,25,15,140,52500,,768823
Double Bed Headboard,20,70,8,147,82320,,768824
Double Burner,10,10,25,53,13250,,768826
Double Cooker,80,148,60,100,888000,,768829
Double Drawer Dishwasher,50,88,60,60,316800,,768831
Double Grill,29,30,40,54,64800,,768834
Double Kayak,30,30,83,370,921300,,768835
Electric Stove,7,55,28,40,61600,,768844
Entertainment Shelving Unit,35,70,40,130,364000,,768851
External Doors,40,209,20,100,418000,,768854
Extra Large Rug,8,12,12,270,38880,,768856
Extra Large Self Standing,185,180,68,100,1224000,,768857
4 Seat Plastic Bench,20,90,65,180,1053000,,768721
10 Seat Dining Table,79,116,210,75,1827000,,768677
10+ Seat Dining Table,79,116,210,75,1827000,,768679
2 Drawer Cabinet,15,40,67,41,109880,,768683
2 Piece Furniture Set,65,100,200,200,4000000,,768688
2 Seat Plastic Bench,8,80,55,114,501600,,768690
2 Seater Bench,14,91,66,120,720720,,768692
3 Door Sideboard,35,85,38,128,413440,,768698
3 Seater Bench,22,88,62,145,791120,,768707
3 Seater Sofa,70,104,177,85,1564680,,768708
4 Drawer Cabinet,40,130,62,47,378820,,768714
4 Drawer Chest,34,85,48,74,301920,,768715
4 Oven Aga,500,90,60,110,594000,,768717
Extra Tall Trolley,20,80,35,53,148400,,768859
4-4.99M Long Runner,10,13,13,450,76050,,768726
49 Keys Keyboard,3,8,23,90,16560,,768728
5 Drawer Cabinet,32,160,30,480,2304000,,768729
5 Drawer Chest,30,110,40,70,308000,,768730
5 Ft Bed Frame,32,50,163,237,1931550,,768731
5M + Long Runner,12,18,18,550,178200,,768737
6 Piece Suite,180,150,300,300,13500000,,768743
6 Seat Dining Table,40,76,90,140,957600,,768745
6 Tier Or More Bookshelf,28,140,35,100,490000,,768746
8 Drawer Chest,22,90,38,82,280440,,768750
Altar Table,30,80,36,100,288000,,768758
Arcade Cabinet,60,160,65,53,551200,,768759
Side Table without Drawers,12,50,40,40,80000,,769017
Low Dresser,22,65,49,81,257985,,768951
Mini Table,3,12,30,60,21600,,768967
Mirrored Double Wardrobe,70,180,60,115,1242000,,768970
Motorised Fixed Treadmill,21,100,60,130,780000,,768971
Paddleboard,14,15,80,300,360000,,768976
Petrol Mower,18,35,75,50,131250,,768980
Portable Washer Dryer,10,57,36,57,116964,,768983
Recumbent or Semi-Recumbent Bike,28,145,65,127,1196975,,768997
Ride On Electric Scooter,15,60,30,120,216000,,769000
Seadoo,180,100,120,280,3360000,,769001
Set Of 4 Large Tables,75,95,95,90,812250,,769010
Short And Tall,20,70,40,45,126000,,769014
Long Console Table,20,80,35,130,364000,,768948
Single Bed Guard,3,30,5,50,7500,,769018
Single Bed Headboard,10,63,5,90,28350,,769019
Single Burner Grill,5,18,50,35,31500,,769022
Single Door,25,209,18,100,376200,,769025
Single Oven Aga,65,90,60,60,324000,,769030
Single Water Ski,4,1,7,170,1190,,769034
Ski Machine,27,230,30,150,1035000,,769035
Small Bean Bag,4,40,40,40,64000,,769037
Small Bookcase,10,90,30,90,243000,,769039
Small Cast Iron,9,70,36,36,90720,,769040
Small Coffer,30,50,45,89,200250,,769043
Small Dressing Table with Mirror,30,72,48,100,345600,,769044
Kids Kitchen Chair,8,78,45,45,157950,,768900
Foldable Scooter,4,20,10,80,16000,,768864
Foldable Table,7,5,60,90,27000,,768865
Foldaway Desk,12,70,10,60,42000,,768866
Folding Manual Treadmill,21,55,49,117,315315,,768867
Free Standing Heater,27,240,80,80,1536000,,768870
Freestanding Fruit Machine,108,180,68,71,869040,,768871
Freestanding Wine Cooler,36,82,55,55,248050,,768872
Giant Bean Bag,11,120,120,120,1728000,,768878
Glider,25,68,80,80,435200,,768880
Integrated Fridge Freezer,54,180,55,55,544500,,768892
Jet Ski,170,70,100,230,1610000,,768895
Kids Dressing Table,20,70,40,75,210000,,768899
Kingsize Bed,55,50,190,210,1995000,,1446567
Kids Kitchen Stool,5,50,40,40,80000,,768901
Kids Stool With Back,8,78,45,45,157950,,768905
Kids Study Desk or Table,10,115,60,90,621000,,768906
Kingsize Bed W Mattress,80,50,190,210,1995000,,768909
Large Boardroom Table,130,75,120,300,2700000,,768919
Large Capacity Washer Dryer,70,85,60,60,306000,,768920
Large Electric Oven,90,90,60,100,540000,,768927
Large Rug,5,10,160,244,390400,,768932
Large Trunk,25,65,64,137,569920,,768941
Long And Low,20,35,35,75,91875,,768944
Long Chaise Longue,40,80,55,175,770000,,768947
Dining Set,72,69,150,242,2504700,,677
Vibration Plate with Support Handle,18,75,38,68,193800,,769115
Virginals,15,43,20,162,139320,,769117
Wall Mounted,10,80,30,70,168000,,769118
Wardrobe-Style Cabinet,38,140,50,90,630000,,769122
Water Rower,28,50,55,210,577500,,769123
Waverunner,180,100,120,280,3360000,,769124
Windsurfing Board,8,280,10,80,224000,,769127
Wooden Fireplace,15,85,6,100,51000,,769131
Canoe,31,32,33,88,92928,,590
Car Box,5,43,45,81,156735,,597
Case,20,82,55,35,157850,,616
Clothes Display,6,190,25,73,346750,,639
Undercounter Dishwasher,34,80,50,45,180000,,769110
Divan,20,190,35,135,897750,,683
Dryer,46,96,73,68,476544,,710
Engine,150,71,50,76,269800,,719
Flat Pack Furniture,35,60,40,90,216000,,744
Garden Statue,40,120,38,61,278160,,772
Gym Equipment,140,125,125,125,1953125,,791
Hot Tub Cover,30,100,76,120,912000,,811
Keyboard,1,15,3,41,1845,,822
Kitchen Work Top,45,30,64,186,357120,,836
Large Bookcase,30,202,80,80,1292800,,844
Painting,4,60,4,60,14400,,914
Parts,20,60,60,60,216000,,922
Spin Tumble Dryer,10,65,35,35,79625,,769065
Single Cooker,80,148,60,100,888000,,769024
Single Drawer Dishwasher,30,40,60,60,144000,,769026
Single Futon Mattress,12,12,76,191,174192,,769027
Small Barbecue,10,42,36,46,69552,,769036
Small Footstool,5,20,25,40,20000,,769048
Small Section Of Carpet,8,10,10,100,10000,,769053
Small Single Bed W Mattress,50,40,75,190,570000,,769054
Small Steel,8,85,42,42,149940,,769055
Small Storage Box,2,35,30,30,31500,,769056
Small Toy Chest,9,30,30,60,54000,,769060
Small Trunk,20,56,56,51,159936,,769061
Small Unfoldable Ping Pong Table,9,75,85,175,1115625,,769062
Ping Pong Table,88,79,40,153,483480,,939
Standard Washer Dryer,60,85,55,60,280500,,769076
Storage Chest,20,56,56,51,159936,,769080
Sun Lounger Shape,60,109,203,84,1858668,,769083
Sunlounger,8,79,60,100,474000,,769084
Super Long Console Table,20,80,35,160,448000,,769085
Superking Bed Guard,10,35,30,180,189000,,769087
Table Top or Mini Freezer,15,50,50,45,112500,,769093
Tall or Larder Fridge,56,143,58,55,456170,,769098
Trial Bike,70,110,85,200,1870000,,769100
Triple Partition,32,160,30,360,1728000,,769106
Trunk Chest,25,65,64,137,569920,,769108
Under Counter Wine Cooler,36,82,55,55,248050,,769109
Outdoor Chairs,5,70,50,50,175000,,27927
Conservatory Furniture,75,100,89,145,1290500,,26152
Cycle,20,95,30,140,399000,,26167
Electric Massage Settee,60,85,88,213,1593240,,26206
Electric Massage Sofa,60,85,88,213,1593240,,26207
Flooring,15,95,80,105,798000,,26226
Footstall,22,32,44,50,70400,,26230
Hydroponics,3,30,10,5,1500,,26650
Industrial Sewing Machine,17,74,49,50,181300,,26651
Kettlebells,40,60,60,50,180000,,26653
Lounge Suite,100,100,200,200,4000000,,27450
Macbook,3,2,27,43,2322,,27452
Marquee Party Tent,15,100,50,50,250000,,27456
Computer Desk,20,100,93,140,1302000,,26150
Painted Screen,5,41,3,60,7380,,27930
Play House,45,158,140,186,4114320,,27940
Playstation 4,3,38,8,31,9424,,27942
Recliner Chair,100,110,100,114,1254000,,27957
Reclining Chair,100,110,100,114,1254000,,27958
Refrigrator,80,140,80,150,1680000,,27960
Roll Of Carpet,20,30,30,194,174600,,27964
Running Machine,150,148,120,140,2486400,,27966
Spinning Wheel,2,32,22,28,19712,,28418
Storage Cabinet,25,180,171,178,5478840,,28422
Swivel Chair,10,90,50,60,270000,,28426
Television,20,61,24,94,137616,,28608
Floorsaw,10,50,50,50,125000,,1331
Quad,37,92,62,64,365056,,964
Sofa Set,100,100,200,200,4000000,,1044
Steel Table,45,75,60,90,405000,,1053
Tool Chest,1,34,39,65,86190,,1089
Tree,70,100,150,50,750000,,1101
Two Seater Settee,55,85,45,150,573750,,1111
Wall Clock,1,23,10,50,11500,,1126
Worktop,70,10,70,410,287000,,1158
Trollys,10,98,100,46,450800,,1295
Stairmaster,50,140,120,80,1344000,,1315
Computerprinterscanner,5,50,50,50,125000,,1321
Paintbox,5,50,50,50,125000,,1324
Short And Low,10,40,40,45,72000,,769013
Moter,40,100,80,100,800000,,1341
"Television (Greater Than 60"")",50,80,35,114,319200,,435533
6 Seater Dining Table & Chairs,76,110,110,140,1694000,,1663126
52 Inch TV,27,85,39,132,437580,,26038
57 Inch TV,30,93,44,145,593340,,26043
59 Inch TV,31,97,46,150,669300,,26045
78 Inch TV,40,128,65,198,1647360,,26065
79 Inch TV,41,129,66,201,1711314,,26066
Canvas Painting,4,60,4,60,14400,,26115
Car Exhaust,35,57,30,47,80370,,26116
Carpet Roll,20,30,30,194,174600,,26127
Computer Cabinet,25,180,171,178,5478840,,26149
Coffer Chest,40,60,60,100,360000,,768795
88 Keys Keyboard,7,15,28,130,54600,,768754
Back-Panelled Coffer,25,75,22,58,95700,,768762
Backless 2 Seater,30,45,35,150,236250,,768763
Backless Chaise Longue,60,109,203,84,1858668,,768764
Barrel Barbecue,12,90,55,80,396000,,768768
Bartop Arcade Machine,20,65,60,65,253500,,768769
Bedside Table without Drawers,12,50,40,40,80000,,768773
Bmx Bike,15,115,63,95,688275,,768774
Bunk Bed W Mattress,70,175,100,200,3500000,,768776
Bunkbed Frame,45,150,100,200,3000000,,768777
Childs Wall Shelving,8,18,18,90,29160,,768789
Clavicytherium,100,250,50,100,1250000,,768793
8 Seat Dining Table,75,71,190,80,1079200,,768753
Concert Grand,480,110,156,274,4701840,,768809
Cot Bed W Mattress,18,85,66,120,673200,,768814
Curved Bench,35,90,180,180,2916000,,768817
Desk Divider,5,4,40,120,19200,,768819
Double Burner Grill,8,12,40,60,28800,,768827
Double Futon Mattress,25,10,80,180,144000,,768832
Double Partition,25,160,30,240,1152000,,768836
Double Sofa Bed,40,70,70,150,735000,,768837
Double Swing Seat,38,130,75,135,1316250,,768838
Electrical Organ,110,135,90,125,1518750,,768845
Ellipitcal Cross Trainer,40,165,60,149,1475100,,768846
Excercise Bike,80,140,60,127,1066800,,768852
3 Drawer Chest,32,78,45,80,280800,,768701
Single Bed,22,50,90,180,810000,,1446561
1 Door Cupboard,10,72,60,50,216000,,768673
10 Seat And Table,79,116,210,75,1827000,,768676
10+ Person Table,155,280,75,95,1995000,,768678
12 Seat And Table,250,78,270,100,2106000,,768680
2 Door Cupboard,40,180,50,80,720000,,768681
2 Drawer Cabinet with Legs,16,48,67,41,131856,,768684
2 Drawer Cabinet without Legs,15,40,67,41,109880,,768685
2 Piece Suite,65,100,200,200,4000000,,768689
2 Seats And Table,15,75,75,75,421875,,768693
2-2.99M Long Runner,10,12,12,250,36000,,768694
2-In-1 Elliptical & Bike,28,144,60,115,993600,,768696
Executive Office Chair,18,57,60,100,342000,,768853
32 Keys Keyboard,3,9,25,60,13500,,768712
4 Burner Grill,40,112,53,142,842912,,768713
4 Seater Sofa,50,98,90,242,2134440,,768723
4 Tier Bookshelf,25,85,38,185,597550,,768725
5 Piece Suite,160,100,200,200,4000000,,768733
5 Tier Bookshelf,18,180,30,60,324000,,768734
5-5.9M Parasol,20,20,20,550,220000,,768735
6 Drawer Or More Cabinet,60,90,53,53,252810,,768739
6 Ft Bed Frame,35,30,200,180,1080000,,768740
6 Person Table,61,100,145,75,1087500,,768741
6M Parasol Or Larger,30,30,30,600,540000,,768748
76 Keys Keyboard,6,20,36,115,82800,,768749
Portable Washing Machine,10,45,35,35,55125,,768984
Long Breakfast Bar,25,90,45,150,607500,,768946
Manual Fixed Treadmill,20,120,120,60,864000,,768952
Manual Mower,9,25,55,45,61875,,768954
Medium Grand,270,100,175,120,2100000,,768956
Mini Petrol Scooter,22,50,25,105,131250,,768963
Mini Pinball Machine,2,10,25,60,15000,,768964
Mini Wine Cooler,9,60,45,30,81000,,768968
Office Swivel Chair,10,70,50,60,210000,,768973
Ottavino,15,20,40,60,48000,,768974
Paddle Board,14,10,76,280,212800,,768975
Pair Of Water Skis,8,4,7,170,4760,,768977
Portable Fireplace,6,54,25,43,58050,,768981
Large Toy Box,14,50,50,80,200000,,768939
Pure Cross Trainer,40,165,60,149,1475100,,768985
Push Scooter,4,75,10,80,60000,,768987
Quadruple Partition,18,180,30,60,324000,,768989
Quadruple Swing Seat,65,200,100,250,5000000,,768990
Racer Bike,10,110,40,200,880000,,768995
Regular Petrol Scooter,32,60,30,120,216000,,768998
Removable Top Table,40,76,90,140,957600,,768999
Self-Standing,160,150,60,80,720000,,769003
Self-Standing Arcade Machine,100,160,65,53,551200,,769004
Set Of 3 Large Tables,50,85,85,75,541875,,769008
Set Of 3 Small Tables,15,45,40,45,81000,,769009
Set Of 4 Small Tables,20,60,50,60,180000,,769011
Land Windsurf Board,12,20,21,98,41160,,768915
Extra Long Trolley,18,85,40,85,289000,,768858
Foldable Desk,12,70,10,60,42000,,768863
Folding Rowing Machine,26,120,75,53,477000,,768868
Full Size Unfoldable Ping Pong Table,40,100,152,274,4164800,,768875
High Sleeper Bed Frame,38,150,100,200,3000000,,768884
High Sleeper Frame,38,150,100,200,3000000,,768885
Inflatable Board,12,15,88,320,422400,,768891
Kids Bar Stool,5,50,40,40,80000,,768896
Kids Office-Style Chair,30,82,53,53,230338,,768902
King Bed Guard,8,30,25,170,127500,,768907
L-Shaped Bench,40,90,70,240,1512000,,768913
L-Shaped Desk,32,72,160,160,1843200,,768914
Medium Boxes,6,45,45,45,91125,,1317778
Large Barbecue,28,140,55,120,924000,,768917
Large Bean Bag,8,80,80,80,512000,,768918
Large Cast Iron,12,122,42,42,215208,,768921
Large Clay Firepit,35,125,65,55,446875,,768922
Large Coffee Table,25,75,100,55,412500,,768923
Large Coffer,20,35,22,58,44660,,768924
Large Dressing Table with Mirror,38,75,52,140,546000,,768925
Large Footstool,8,25,36,50,45000,,768928
Large Rattan Sofa,38,90,95,150,1282500,,768931
Large Storage Cabinet,30,95,62,47,276830,,768936
Large Storage Ottoman,10,45,98,43,189630,,768937
Large Surfboard,7,10,55,274,150700,,768938